taluka,revenue_circle,lat,lon,year,geocode_flag,LST_anom_C,LST_mean_C,NDVI_anom,NDVI_mean,NDVI_peak,SM_anom,SM_mean,SPI30_mean,VHI_mean,cumRain_mm,drySpellDays,tmax_K_mean,tmax_anom_K,dry_spell_julaug,gdd_surplus,heavy_rain_days,june_rain_mm,lst_anom_augsep,ndvi_slow_greenup,oct_rain_mm,sm_wet_days,farmers_total,area_ha,sum_insured_rs,claim_total_lac,claim_yield_lac,claim_local_lac,claim_prevented_lac,claim_postharvest_lac,claim_midterm_lac,rate_total,rate_yield,rate_local,rate_prevented,rate_postharvest,rate_midterm,rule_VHI_mean,rule_drySpellDays,rule_dry_spell_julaug,rule_cumRain_mm,rule_heavy_rain_days,rule_sm_wet_days,rule_lst_anom_augsep,rule_gdd_surplus,trigger_drought,trigger_flood,trigger_heat,trigger_any
Arni,Anjankhed,19.9550563,77.9935741,2025,ok,-4.278223152855992,29.949594397148275,-0.0580740714492639,0.5719258984488159,0.7842441526428054,0.0118220657450619,0.4252661483078396,-903.316448655098,0.7389212734076661,1296.9308695738198,77.55677238894422,303.00986399919964,-0.7961254135828771,17.750912625041487,-0.2552400047947195,2.009387000426682,55.1085337875648,-2.623931808733089,0.6821995733586158,106.4500094931652,106.54733797942448,2447.0,3927.7,224960927.68,0.0,0.0,0.0,0.0,0.0,0.0,0.0,0.0,0.0,0.0,0.0,0.0,False,False,False,True,False,False,False,False,False,True,False,True
Arni,Arni,20.0538582,77.9942367,2025,ok,-4.527497713382097,30.69936569912276,-0.0582315942363727,0.5513434147458526,0.7677834292753418,0.0101059091056119,0.4301868778248284,-911.4571094529584,0.7224151113501791,1302.4219762784603,79.77018574677787,303.03694292237583,-0.7915566529526434,19.401156178923426,-0.2562659215522377,2.2652103866565585,57.98166249614559,-2.9534039800139924,1.1130220548172367,98.02700119613068,108.09865428354816,1534.0,2289.39,132117696.65,0.0,0.0,0.0,0.0,0.0,0.0,0.0,0.0,0.0,0.0,0.0,0.0,False,False,False,True,False,False,False,False,False,True,False,True
Arni,Borgaon,20.5209133,78.0791852,2025,ok,-4.150043506135954,30.98561511066729,-0.038562494151805,0.5725970162726095,0.774251755245663,0.0151268969567875,0.4025303618573783,-929.7828008526486,0.7157061306572842,1097.9287495876963,87.78163525577442,302.8126120989016,-0.8368408581219593,23.035142411789707,-0.2401235968858616,1.556279816730433,45.38670707142589,-2.7471252718907024,0.8008950394974547,86.42503610384767,110.29186150866752,1932.0,2988.35,173136433.82,0.0,0.0,0.0,0.0,0.0,0.0,0.0,0.0,0.0,0.0,0.0,0.0,False,True,False,False,False,False,False,False,True,False,False,True
Arni,Jawala,20.1470926,77.9561519,2025,ok,-3.3190442619602543,30.958749430422063,-0.0560231543166036,0.5450431841856068,0.7827976645359864,0.0099861247830718,0.4313280679249767,-905.6437843483284,0.680175221643523,1237.0716381198763,84.77032722451102,303.0964192012114,-0.7961589863335069,18.762182128143195,-0.2538242786734748,0.8346356016479614,57.67055748673404,-1.866021543061339,1.5668087121212135,91.88769841550176,106.91030922953064,2356.0,3691.47,212926085.5,0.0,0.0,0.0,0.0,0.0,0.0,0.0,0.0,0.0,0.0,0.0,0.0,False,True,False,False,False,False,False,False,True,False,False,True
Arni,Lonbehel,20.0538582,77.9942367,2025,fallback_taluka,-4.527497713382097,30.69936569912276,-0.0582315942363727,0.5513434147458526,0.7677834292753418,0.0101059091056119,0.4301868778248284,-911.4571094529584,0.7224151113501791,1302.4219762784603,79.77018574677787,303.03694292237583,-0.7915566529526434,19.401156178923426,-0.2562659215522377,2.2652103866565585,57.98166249614559,-2.9534039800139924,1.1130220548172367,98.02700119613068,108.09865428354816,2179.0,3304.56,188516436.74,0.0,0.0,0.0,0.0,0.0,0.0,0.0,0.0,0.0,0.0,0.0,0.0,False,False,False,True,False,False,False,False,False,True,False,True
Arni,Sawali,20.3368205,77.8598285,2025,ok,-4.246456931488703,30.868367864124487,-0.0502790773930325,0.5501842547383831,0.7714175074183984,0.0111646435733036,0.4375400005285033,-911.5355933678364,0.6878692212532402,1064.827353266247,80.4502459326523,302.86732003927955,-0.8028108985216785,18.402998486568293,-0.2427522169661269,1.2396424517593645,49.072145680664725,-2.7762102286956045,1.198635724165652,67.54773127383372,106.88999243284144,2284.0,3666.36,209703806.68,0.0,0.0,0.0,0.0,0.0,0.0,0.0,0.0,0.0,0.0,0.0,0.0,False,False,False,False,False,False,False,False,False,False,False,False
Babulgaon,Babhulgaon,20.55657,78.165693,2025,ok,-4.055570733699949,30.811974751529497,-0.0754191779309856,0.5462847907099375,0.7833673580695806,0.0112538553746438,0.4270536904828959,-927.970174351878,0.6934835271207658,1117.829409191685,87.0984651711924,303.1541642044421,-0.8191183543811837,22.07834710743801,-0.2549832472972707,1.0,47.244632785349474,-2.1211726478570143,1.7279209510430065,97.2481825475197,108.40217237308146,702.0,1340.15,76206673.59,36.0,36.0,0.0,0.0,0.0,0.0,0.0472399572164556,0.0472399572164556,0.0,0.0,0.0,0.0,False,True,False,False,False,False,False,False,True,False,False,True
Babulgaon,Gharfal,20.6557893,78.2077493,2025,ok,-4.2072373991814604,31.700166798244872,-0.0654905971773231,0.5540576045263513,0.7891427652846933,0.008675737592763,0.43337041566567,-923.439785886588,0.7186772628580337,1128.3571348566827,81.09132527845948,303.3686851304824,-0.8086899503200038,19.925193505757974,-0.2583265200000292,1.0101472531621674,45.346060769641944,-2.8813351345284888,1.536043795275962,102.12819580993408,105.91750047196524,1313.0,2242.9,127176390.05,22.0,22.0,0.0,0.0,0.0,0.0,0.0172988083647842,0.0172988083647842,0.0,0.0,0.0,0.0,False,False,False,False,False,False,False,False,False,False,False,False
Babulgaon,Pahur,20.2346974,78.4025573,2025,ok,-4.1666875359861395,28.798474744740357,0.0042769779581299,0.6669901330819971,0.8119724546293449,0.0103625053603894,0.4421011237760148,-918.7264774589486,0.784585826117281,1369.554904567517,81.20109801694352,303.05638813565355,-0.7813700688594826,18.875053244356096,-0.256632929346351,3.4330540962657965,56.57477654964173,-2.0930626049721055,0.1433760026500721,111.6915595700761,109.6259643144493,606.0,998.03,55822524.86,28.0,28.0,0.0,0.0,0.0,0.0,0.0501589637341244,0.0501589637341244,0.0,0.0,0.0,0.0,False,False,False,True,True,False,False,False,False,True,False,True
Babulgaon,Sawar,20.4971014,78.0682704,2025,ok,-4.276656025307968,30.254514148421624,-0.0229361015255536,0.5814429223025283,0.7820486088147769,0.0150888686788436,0.4039970502309923,-928.717611697802,0.7101807228172722,1114.0074979975916,86.98266332845198,302.77934793477306,-0.8353980241888536,22.529878596060275,-0.2381792702446294,1.4773489536586524,45.28117083701627,-2.261908734581721,0.5639732627899291,83.55354921537777,109.95176909632006,1297.0,2167.59,124208381.64,63.0,63.0,0.0,0.0,0.0,0.0,0.0507212147587562,0.0507212147587562,0.0,0.0,0.0,0.0,False,True,False,False,False,False,False,False,True,False,False,True
Babulgaon,Weni,20.5330302,78.2586408,2025,ok,-3.2389134721304247,31.95302644765565,-0.0726171089936094,0.5460951347316191,0.7736795692576537,0.0119523564173229,0.4360488749241197,-926.8590154832912,0.6870182910155287,1141.1706499824306,86.13694748772194,303.1986998133344,-0.8156794172012052,21.36376086135247,-0.2573963724802475,1.0468454854552325,47.81597649976069,-1.1142764458318886,1.717266297481432,101.6497929668828,108.2413109180204,799.0,1412.25,80598873.77,52.0,52.0,0.0,0.0,0.0,0.0,0.0645170305336885,0.0645170305336885,0.0,0.0,0.0,0.0,False,True,False,False,False,False,False,False,True,False,False,True
Darwha,BoriKhu.,20.3248916,77.7779409,2025,fallback_taluka,-4.924755747119937,30.637287317207267,-0.0445770580106506,0.5367945831592831,0.7507748847326977,0.0088888049360946,0.4300423336667204,-902.3903123499056,0.724755720473123,1044.406477945988,82.85026257273972,302.89640723578617,-0.7827450106349939,20.601835643658028,-0.2385558575702297,0.7049250130103606,52.95610405422289,-3.527749650071959,0.7417303099803749,63.45458139542166,102.87372853290437,2007.0,3331.33,189381043.96,0.0,0.0,0.0,0.0,0.0,0.0,0.0,0.0,0.0,0.0,0.0,0.0,False,False,False,False,False,False,False,False,False,False,False,False
Darwha,Chikhali,20.3852019,78.6251163,2025,ok,-3.8044013167785855,31.203670384761068,-0.0115700827196829,0.5869737594017551,0.8111550181435647,0.012264823908667,0.4321998465049682,-910.2666517388302,0.7236604263147749,1239.1857623055043,83.38816131624979,303.71866878238035,-0.7424398750072957,19.92964871637275,-0.2609045268094661,1.6883835279655806,65.0521288687557,-3.2668912611646066,0.3686394099500018,109.53903588711722,109.18145714150631,2862.0,4612.05,262581774.74,0.0,0.0,0.0,0.0,0.0,0.0,0.0,0.0,0.0,0.0,0.0,0.0,False,False,False,False,False,False,False,False,False,False,False,False
Darwha,DarwhaKhand1,20.3248916,77.7779409,2025,fallback_taluka,-4.924755747119937,30.637287317207267,-0.0445770580106506,0.5367945831592831,0.7507748847326977,0.0088888049360946,0.4300423336667204,-902.3903123499056,0.724755720473123,1044.406477945988,82.85026257273972,302.89640723578617,-0.7827450106349939,20.601835643658028,-0.2385558575702297,0.7049250130103606,52.95610405422289,-3.527749650071959,0.7417303099803749,63.45458139542166,102.87372853290437,2145.0,3218.35,182950368.81,0.0,0.0,0.0,0.0,0.0,0.0,0.0,0.0,0.0,0.0,0.0,0.0,False,False,False,False,False,False,False,False,False,False,False,False
Darwha,Ladkhed,20.3465243,77.9162543,2025,ok,-4.117628951666338,30.559078375656057,-0.0560053122007731,0.52628727081437,0.771014495289209,0.012451772576433,0.440136631888976,-916.0537435059005,0.6819494486793339,1113.9923398065043,79.62227476944904,302.81704899771444,-0.8117119958441553,18.467297233388507,-0.2423130669647465,1.4356112556159843,47.73123484225977,-2.850622269848902,1.4974879718179994,72.3683180484445,109.0070465831166,1656.0,2718.21,157544013.34,0.0,0.0,0.0,0.0,0.0,0.0,0.0,0.0,0.0,0.0,0.0,0.0,False,False,False,False,False,False,False,False,False,False,False,False
Darwha,Lohi,20.4368254,77.6607227,2025,ok,-4.645348866581298,29.98638234234844,-0.0366408781455179,0.5527124485511615,0.7752447637390558,0.0094766728307755,0.432075882985365,-903.8182410791454,0.6882211981111465,986.7828186336042,84.29732923658709,302.59376951513076,-0.7787160736733404,23.566438194280305,-0.2140037221537788,0.0,54.804728402382274,-2.5204844017551085,0.9896728149259728,60.10043174660737,105.34771921531554,3096.0,4905.71,278276751.72,0.0,0.0,0.0,0.0,0.0,0.0,0.0,0.0,0.0,0.0,0.0,0.0,False,True,False,False,False,False,False,False,True,False,False,True
Darwha,Mahagaon,19.8336102,77.7582751,2025,ok,-4.677081874686453,30.19661595019731,-0.0023277369869187,0.6003175816443111,0.7912308174907197,0.0135457504854494,0.4110567600926931,-878.8397397297261,0.7414226593238572,1284.3079919495694,79.53244781783677,302.8648902642624,-0.843265662797614,17.459867172675516,-0.2527447341372231,1.994354838709677,65.36626761171547,-2.761615789011583,0.8417319939752608,106.6039430140652,107.08358633776088,2720.0,4225.47,242545667.54,0.0,0.0,0.0,0.0,0.0,0.0,0.0,0.0,0.0,0.0,0.0,0.0,False,False,False,False,False,False,False,False,False,False,False,False
Darwha,Mangkinhi,20.3081668,77.6527297,2025,ok,-4.840304258939928,29.41243601687634,-0.0215797035810717,0.5713743905082874,0.7709258582155744,0.0095698401916328,0.4315645000359969,-897.1214752536754,0.7218359719777254,1055.8221707744283,82.59349862780356,302.69248470392694,-0.7916425868515136,21.04599223999243,-0.2277580096555518,0.4381565250307561,54.1399802241802,-3.5673612174441063,0.231999053982144,63.118215337332,106.52692344090092,3003.0,4755.25,267019952.09,0.0,0.0,0.0,0.0,0.0,0.0,0.0,0.0,0.0,0.0,0.0,0.0,False,False,False,False,False,False,False,False,False,False,False,False
Digras,Digras,20.0968334,77.7628184,2025,ok,-3.1683548395025425,28.91947671925083,-0.0296521590005068,0.4560071139053662,0.6663112764773439,0.012265880526398,0.4029955660724095,-890.834782291278,0.6624137522344176,1242.2773157537356,84.82789176894283,302.7880982469404,-0.7791794161539282,21.306970572904337,-0.2261999026576867,1.6701890726436996,57.94958054709961,-1.506879694118744,1.522431002024651,83.92682639312862,107.60095720987545,1443.0,2332.21,134072484.72,0.0,0.0,0.0,0.0,0.0,0.0,0.0,0.0,0.0,0.0,0.0,0.0,False,True,False,False,False,False,False,False,True,False,False,True
Digras,Kalgaon,20.044482,77.8344011,2025,ok,-4.0943251366505775,30.580016788275096,-0.0591434771937028,0.5503876725705877,0.7666733790538461,0.0114746229615899,0.408458448687096,-896.4664009031886,0.7290931608399346,1262.4910684849656,84.27466123377238,302.8435493529772,-0.7785510719334737,20.971572064815696,-0.2353901860509555,1.546906093054108,59.30745877053575,-2.4851476046244914,0.8592139862127782,86.30331263823368,106.46702359518618,2736.0,3953.97,230606828.61,0.0,0.0,0.0,0.0,0.0,0.0,0.0,0.0,0.0,0.0,0.0,0.0,False,True,False,False,False,False,False,False,True,False,False,True
Digras,Singad,20.049508,77.6394969,2025,ok,-4.333865187982996,29.287178407603474,-0.0222575518890086,0.5892419095786894,0.7859725668328852,0.0167365418217986,0.3699317769684319,-876.7196904721785,0.7418438976670667,1204.3727790143237,80.22161137440759,302.48688445002966,-0.8167716604922622,19.53696682464455,-0.2187298420135911,1.3476303317535543,60.0962243976624,-3.0850816982576097,0.5742594193800561,73.07997778415631,108.79805687203796,1161.0,1763.54,102381707.68,0.0,0.0,0.0,0.0,0.0,0.0,0.0,0.0,0.0,0.0,0.0,0.0,False,False,False,False,False,False,False,False,False,False,False,False
Digras,Tivri,20.0968334,77.7628184,2025,fallback_taluka,-3.1683548395025425,28.91947671925083,-0.0296521590005068,0.4560071139053662,0.6663112764773439,0.012265880526398,0.4029955660724095,-890.834782291278,0.6624137522344176,1242.2773157537356,84.82789176894283,302.7880982469404,-0.7791794161539282,21.306970572904337,-0.2261999026576867,1.6701890726436996,57.94958054709961,-1.506879694118744,1.522431002024651,83.92682639312862,107.60095720987545,3136.0,4900.05,285977890.89,0.0,0.0,0.0,0.0,0.0,0.0,0.0,0.0,0.0,0.0,0.0,0.0,False,True,False,False,False,False,False,False,True,False,False,True
Digras,Tuptakli,20.0968334,77.7628184,2025,fallback_taluka,-3.1683548395025425,28.91947671925083,-0.0296521590005068,0.4560071139053662,0.6663112764773439,0.012265880526398,0.4029955660724095,-890.834782291278,0.6624137522344176,1242.2773157537356,84.82789176894283,302.7880982469404,-0.7791794161539282,21.306970572904337,-0.2261999026576867,1.6701890726436996,57.94958054709961,-1.506879694118744,1.522431002024651,83.92682639312862,107.60095720987545,2161.0,3140.6,182808985.98,0.0,0.0,0.0,0.0,0.0,0.0,0.0,0.0,0.0,0.0,0.0,0.0,False,True,False,False,False,False,False,False,True,False,False,True
Ghatanji,Ghatanji,20.0193812,78.2746661,2025,ok,-4.112974362714827,30.146660669416423,-0.0544165042183263,0.5695187833320171,0.791919226486615,0.0125116774682824,0.4323272793617946,-906.7320848606032,0.7310500656262866,1357.412847740743,75.61906793723035,303.2014466410385,-0.7835968413116742,18.32152846916038,-0.2709905864334819,3.305883468449249,63.8289250567932,-3.0924507993288013,0.3415659796256812,102.16800944566272,110.3510643341393,1040.0,1724.62,100250329.7,0.0,0.0,0.0,0.0,0.0,0.0,0.0,0.0,0.0,0.0,0.0,0.0,False,False,False,True,True,False,False,False,False,True,False,True
Ghatanji,Ghoti,20.0153713,78.2043743,2025,ok,-3.9810184069536088,30.484901387628735,-0.0248622629159706,0.5817711032922251,0.7849884813590651,0.0091468652555301,0.4139653994913434,-905.048197339338,0.7045901197769838,1359.3825249123863,77.56062185989194,303.1661848801397,-0.7901623343997544,18.558820741302497,-0.2731668471893687,2.740164944544507,59.84528770208632,-3.3425260465045223,0.2845245287936406,102.63702875375216,105.0585837520144,1754.0,3033.05,174414697.98,0.0,0.0,0.0,0.0,0.0,0.0,0.0,0.0,0.0,0.0,0.0,0.0,False,False,False,True,False,False,False,False,False,True,False,True
Ghatanji,Kurli,19.8914494,79.0198731,2025,ok,-4.611460219896701,30.032209161049412,-0.0113817427996712,0.597155654352603,0.7786588869919863,0.0130172224287482,0.4473186055246451,-902.941279646514,0.7619372470199139,1566.13792378699,72.11749632230817,303.6781280528974,-0.7195429562588975,15.594552270678117,-0.2695694055595355,3.331941346747023,57.4827212068171,-3.0968181101373897,0.5415658936785698,134.42302372300256,108.1867318369478,1720.0,2896.99,168525545.15,0.0,0.0,0.0,0.0,0.0,0.0,0.0,0.0,0.0,0.0,0.0,0.0,False,False,False,True,True,False,False,False,False,True,False,True
Ghatanji,Prawa,20.0193812,78.2746661,2025,fallback_taluka,-4.112974362714827,30.146660669416423,-0.0544165042183263,0.5695187833320171,0.791919226486615,0.0125116774682824,0.4323272793617946,-906.7320848606032,0.7310500656262866,1357.412847740743,75.61906793723035,303.2014466410385,-0.7835968413116742,18.32152846916038,-0.2709905864334819,3.305883468449249,63.8289250567932,-3.0924507993288013,0.3415659796256812,102.16800944566272,110.3510643341393,2188.0,3953.13,227941128.93,0.0,0.0,0.0,0.0,0.0,0.0,0.0,0.0,0.0,0.0,0.0,0.0,False,False,False,True,True,False,False,False,False,True,False,True
Ghatanji,SakhraKhurd,20.0193812,78.2746661,2025,fallback_taluka,-4.112974362714827,30.146660669416423,-0.0544165042183263,0.5695187833320171,0.791919226486615,0.0125116774682824,0.4323272793617946,-906.7320848606032,0.7310500656262866,1357.412847740743,75.61906793723035,303.2014466410385,-0.7835968413116742,18.32152846916038,-0.2709905864334819,3.305883468449249,63.8289250567932,-3.0924507993288013,0.3415659796256812,102.16800944566272,110.3510643341393,1605.0,2835.03,164286103.87,0.0,0.0,0.0,0.0,0.0,0.0,0.0,0.0,0.0,0.0,0.0,0.0,False,False,False,True,True,False,False,False,False,True,False,True
Ghatanji,Shiroli,20.0728013,78.2501864,2025,ok,-3.796734961534773,30.836618580655088,-0.0526150492156157,0.5505694505297866,0.7966083673783549,0.0112106489578309,0.4230340897744729,-907.99804819158,0.6888920393888404,1331.1587443737294,77.34582405608984,303.19806911375576,-0.781895135972998,17.4418494481027,-0.2708686210365013,3.0509261452461036,62.412247898684384,-3.2553776563364627,1.0241571636647833,97.07216682548928,107.9658439528163,2359.0,3948.41,228579414.87,0.0,0.0,0.0,0.0,0.0,0.0,0.0,0.0,0.0,0.0,0.0,0.0,False,False,False,True,True,False,False,False,False,True,False,True
Ghatanji,Shivni,20.159763,78.4447646,2025,ok,-4.145064223843997,29.465171400876393,-0.0139533196637236,0.5886057913382409,0.8213407082159684,0.0115352786453153,0.4403224447788347,-907.1190343683836,0.7159857716511389,1444.897674951728,76.69701994598947,303.1453799411047,-0.7702237419471187,17.43677452977685,-0.2664221686972179,4.483346757000048,63.19490033465478,-1.954697353343697,0.6673846663668425,112.59266363497066,109.97214194343108,1418.0,2480.05,143692949.84,0.0,0.0,0.0,0.0,0.0,0.0,0.0,0.0,0.0,0.0,0.0,0.0,False,False,False,True,True,False,False,False,False,True,False,True
Kalamb,Jodmoha,20.3168697,78.2963941,2025,fallback_taluka_state,-3.744622288818261,29.247240663500225,0.0224402990106765,0.6652456980178247,0.8074029440976163,0.0158136779620744,0.3951610496966717,-913.4967417022516,0.7715562499197289,1264.5788835884066,86.71984859238228,302.85467784681606,-0.7937550310185795,21.67972557369292,-0.2416009785622667,3.3737875561864192,52.055015939090715,-2.763641562285594,0.0823046727203934,100.22315190171604,111.7851904423941,869.0,1771.47,102014834.3,0.0,0.0,0.0,0.0,0.0,0.0,0.0,0.0,0.0,0.0,0.0,0.0,False,True,False,False,True,True,False,False,True,True,False,True
Kalamb,Kalamb,20.3714183,78.3432616,2025,ok,-3.249323853211373,29.242096074416636,0.0293170090051401,0.7083883371812355,0.815940789069333,0.0125046877784283,0.4203393191555565,-912.3646536250026,0.7988657712631955,1290.4588032194436,87.90307786865871,302.8879425549486,-0.7922923137532304,22.449907805777503,-0.241228782850628,2.793863174318,54.59441700059002,-1.8155124785739312,0.0016665484717395,110.57712925046594,109.27005815327875,919.0,1672.53,95324284.01,16.0,16.0,0.0,0.0,0.0,0.0,0.0167848100472713,0.0167848100472713,0.0,0.0,0.0,0.0,False,True,False,False,False,False,False,False,True,False,False,True
Kalamb,Kotha,20.5239247,78.2740259,2025,ok,-3.1765985469602587,32.07683515981737,-0.0681589490391958,0.5511417235434434,0.776553874312165,0.0120408197569172,0.4379823254660101,-925.8016339310728,0.6883022149113973,1147.4358009001178,85.27713745866792,303.20658448267204,-0.81561280923424,21.04898441190364,-0.257412163383504,1.1246102975909305,47.844425485439395,-1.2470325349899365,1.6129230333231004,102.61560824865056,108.19541804440247,896.0,1460.14,83567358.83,35.0,35.0,0.0,0.0,0.0,0.0,0.041882381458531,0.041882381458531,0.0,0.0,0.0,0.0,False,True,False,False,False,False,False,False,True,False,False,True
Kalamb,Metikheda,20.2484277,78.4183717,2025,ok,-4.206662650562451,29.180651766382233,0.0054040203519701,0.6513156334936783,0.8083505275609182,0.0108347953443151,0.4425758125163008,-919.5744392242648,0.7690579435212422,1354.8703461409962,80.1701301775148,303.04901142838173,-0.7782205780984169,18.196355029585796,-0.2536916919348492,3.389775147928993,55.76981915186638,-2.1087767877964056,0.1874733853797019,111.42964893622116,109.89926627218937,1390.0,2460.92,140780287.88,0.0,0.0,0.0,0.0,0.0,0.0,0.0,0.0,0.0,0.0,0.0,0.0,False,False,False,True,True,False,False,False,False,True,False,True
Kalamb,Pimpalgaon(Ruikar),20.3714183,78.3432616,2025,fallback_taluka,-3.249323853211373,29.242096074416636,0.0293170090051401,0.7083883371812355,0.815940789069333,0.0125046877784283,0.4203393191555565,-912.3646536250026,0.7988657712631955,1290.4588032194436,87.90307786865871,302.8879425549486,-0.7922923137532304,22.449907805777503,-0.241228782850628,2.793863174318,54.59441700059002,-1.8155124785739312,0.0016665484717395,110.57712925046594,109.27005815327875,1042.0,1957.43,112372288.91,2.0,2.0,0.0,0.0,0.0,0.0,0.0017797982219636,0.0017797982219636,0.0,0.0,0.0,0.0,False,True,False,False,False,False,False,False,True,False,False,True
Kalamb,Sawargaon,20.5361222,77.7586555,2025,ok,-3.9812903077160033,30.081378397403952,-0.037171879620337,0.5514503042944945,0.781029162288211,0.0108131915610386,0.4337692764689765,-930.6023294622248,0.6594973421974973,998.4555195576456,83.11036568080884,302.76263323832205,-0.7849728236147505,22.989322498346404,-0.2181615800299417,0.0441273740905225,52.41445959481692,-1.9344218457014184,0.7162642422811263,70.1565876626768,105.61698006236414,1181.0,2052.15,118224822.05,12.0,12.0,0.0,0.0,0.0,0.0,0.0101501527275929,0.0101501527275929,0.0,0.0,0.0,0.0,False,False,False,False,False,False,False,False,False,False,False,False
Kelapur,Chalbardi,19.9788342,78.5610008,2025,ok,-3.937097351444646,30.683447116784627,-0.0408752454814042,0.58531959624925,0.7817822459474835,0.0154225590263257,0.4295493543027835,-897.4365665978229,0.7465835366674891,1476.4252421604,70.8097653472387,303.13991815225324,-0.7714099722221293,15.658592083432092,-0.2644741046436548,3.7265702773169,64.64581373518351,-2.7005511089340075,0.7923025879230261,121.45194480840132,107.77591846409103,1390.0,2740.19,159476767.49,39.0,39.0,0.0,0.0,0.0,0.0,0.0244549727297711,0.0244549727297711,0.0,0.0,0.0,0.0,False,False,False,True,True,False,False,False,False,True,False,True
Kelapur,Kelapur,20.0211172,78.5335782,2025,ok,-3.9361071395196743,31.14731593423954,-0.0206184291296662,0.5805538406057471,0.7847015683301546,0.0142722496950873,0.4332120704335032,-896.9864590843632,0.734125212978066,1458.197185459202,70.74834154662624,303.15760057639244,-0.7725592228983108,14.609221000758154,-0.2694556660304764,4.311457543593633,64.94586615307155,-3.000271939511134,0.9688821501759038,113.65328598569182,107.5461523881729,1594.0,2854.9,166427807.2,42.0,42.0,0.0,0.0,0.0,0.0,0.0252361673848936,0.0252361673848936,0.0,0.0,0.0,0.0,False,False,False,True,True,False,False,False,False,True,False,True
Kelapur,Kranji,20.0211172,78.5335782,2025,fallback_taluka,-3.9361071395196743,31.14731593423954,-0.0206184291296662,0.5805538406057471,0.7847015683301546,0.0142722496950873,0.4332120704335032,-896.9864590843632,0.734125212978066,1458.197185459202,70.74834154662624,303.15760057639244,-0.7725592228983108,14.609221000758154,-0.2694556660304764,4.311457543593633,64.94586615307155,-3.000271939511134,0.9688821501759038,113.65328598569182,107.5461523881729,1071.0,2149.97,125197790.38,0.0,0.0,0.0,0.0,0.0,0.0,0.0,0.0,0.0,0.0,0.0,0.0,False,False,False,True,True,False,False,False,False,True,False,True
Kelapur,Pahapal,19.997991,78.4910059,2025,ok,-4.457285569264203,30.228451809033203,-0.0062044867035281,0.6099055595050029,0.8191157263033177,0.0134178768261923,0.4341478768806975,-896.6673043840425,0.7653040677757355,1460.2492950831154,74.10842459583748,303.1821999565775,-0.779123888610536,17.10491632295074,-0.2736849658645515,4.361020243682739,66.7357410446441,-2.9335738634770903,0.781030805687204,114.53163250373046,106.11700564168206,1802.0,3501.4,204566864.82,54.0,54.0,0.0,0.0,0.0,0.0,0.0263972369364486,0.0263972369364486,0.0,0.0,0.0,0.0,False,False,False,True,True,False,False,False,False,True,False,True
Kelapur,Pandharkawada,20.0231391,78.5477347,2025,ok,-3.905452945456536,31.172799689024018,-0.0210396614334489,0.5845389918158581,0.7805594292686393,0.0147617336542229,0.4330272276037615,-895.8188708455285,0.7355163433951744,1463.46086908809,69.79593384199798,303.1433982661347,-0.7694699387533478,13.976967916212496,-0.2668837140167697,4.29396711056348,64.9181427082545,-3.062479264594576,0.9244710843658934,113.5488109065811,108.15473200322258,982.0,1744.82,101430904.55,0.0,0.0,0.0,0.0,0.0,0.0,0.0,0.0,0.0,0.0,0.0,0.0,False,False,False,True,True,False,False,False,False,True,False,True
Kelapur,Patanbori,20.0211172,78.5335782,2025,fallback_taluka,-3.9361071395196743,31.14731593423954,-0.0206184291296662,0.5805538406057471,0.7847015683301546,0.0142722496950873,0.4332120704335032,-896.9864590843632,0.734125212978066,1458.197185459202,70.74834154662624,303.15760057639244,-0.7725592228983108,14.609221000758154,-0.2694556660304764,4.311457543593633,64.94586615307155,-3.000271939511134,0.9688821501759038,113.65328598569182,107.5461523881729,1687.0,3243.35,190408560.92,40.0,40.0,0.0,0.0,0.0,0.0,0.0210074588068579,0.0210074588068579,0.0,0.0,0.0,0.0,False,False,False,True,True,False,False,False,False,True,False,True
Kelapur,Runza,20.1697109,78.4930276,2025,ok,-4.563185134334583,29.176535092798915,-0.0235710708119147,0.589843299313421,0.8209478939083713,0.0121449869402828,0.4385832879697128,-895.7227148304173,0.7325255380122193,1430.3354276197283,76.42156352100002,303.15501887873006,-0.758732623656692,16.598986694445763,-0.2660589517342816,4.4047540129741005,62.2517538185293,-2.271308965214119,0.6787781236315436,110.8216765324986,108.8912827311899,1993.0,3679.88,210670425.47,0.0,0.0,0.0,0.0,0.0,0.0,0.0,0.0,0.0,0.0,0.0,0.0,False,False,False,True,True,False,False,False,False,True,False,True
Mahagaon,Fulsawangi,19.723282,77.8763294,2025,ok,-4.95041094400437,30.187980039770434,-0.0315451636589763,0.5589323072499786,0.7553977209870977,0.0195763597248434,0.3639588303604691,-882.7151016111779,0.7389538957141588,1354.6475709459762,74.81411139072218,302.57615682225156,-0.8699446681561049,19.48739376098,-0.2416669660129817,2.1844641754902425,65.348222780848,-3.7271892796512014,0.4505442330290694,111.39531625509612,105.91572100090212,2445.0,3331.61,193518614.09,0.0,0.0,0.0,0.0,0.0,0.0,0.0,0.0,0.0,0.0,0.0,0.0,False,False,False,True,False,False,False,False,False,True,False,True
Mahagaon,Gunj,20.0706341,78.9681216,2025,ok,-4.445561160228964,30.81273701182508,-0.0285225872311031,0.5159610163805015,0.6977667388987564,0.0144649870137418,0.4445485680441285,-883.1936484256822,0.7376817095161968,1578.6345226604344,71.67032967032965,303.73335483041757,-0.7322708352320427,14.18979727169382,-0.2687571054635057,3.1690034103827194,52.441116702406624,-3.098815915423196,0.7517821195973946,126.22737100312725,111.970538082607,3229.0,3988.63,230857205.7,0.0,0.0,0.0,0.0,0.0,0.0,0.0,0.0,0.0,0.0,0.0,0.0,False,False,False,True,True,True,False,False,False,True,False,True
Mahagaon,Hivra,19.8336102,77.7582751,2025,fallback_taluka,-4.677081874686453,30.19661595019731,-0.0023277369869187,0.6003175816443111,0.7912308174907197,0.0135457504854494,0.4110567600926931,-878.8397397297261,0.7414226593238572,1284.3079919495694,79.53244781783677,302.8648902642624,-0.843265662797614,17.459867172675516,-0.2527447341372231,1.994354838709677,65.36626761171547,-2.761615789011583,0.8417319939752608,106.6039430140652,107.08358633776088,3176.0,4646.62,269120802.28,0.0,0.0,0.0,0.0,0.0,0.0,0.0,0.0,0.0,0.0,0.0,0.0,False,False,False,False,False,False,False,False,False,False,False,False
Mahagaon,KaliDoulatkhan,19.8336102,77.7582751,2025,fallback_taluka,-4.677081874686453,30.19661595019731,-0.0023277369869187,0.6003175816443111,0.7912308174907197,0.0135457504854494,0.4110567600926931,-878.8397397297261,0.7414226593238572,1284.3079919495694,79.53244781783677,302.8648902642624,-0.843265662797614,17.459867172675516,-0.2527447341372231,1.994354838709677,65.36626761171547,-2.761615789011583,0.8417319939752608,106.6039430140652,107.08358633776088,3430.0,4910.53,284447604.14,0.0,0.0,0.0,0.0,0.0,0.0,0.0,0.0,0.0,0.0,0.0,0.0,False,False,False,False,False,False,False,False,False,False,False,False
Mahagaon,Kasola,19.9136633,77.6613235,2025,ok,-4.463042649344778,30.837549467636556,-0.0292629948472347,0.5489513838177882,0.7861699310066854,0.0158011932976842,0.3770322801738289,-877.1496478292498,0.7031332615935029,1205.616847162463,78.77129981024667,302.74563001995415,-0.8208466826160814,18.19781783681214,-0.2360321441851752,0.7504269449715368,61.86032310165251,-2.6344807505558383,1.2468822608943049,81.46940713656015,107.9518975332068,2703.0,3676.75,212014622.31,0.0,0.0,0.0,0.0,0.0,0.0,0.0,0.0,0.0,0.0,0.0,0.0,False,False,False,False,False,False,False,False,False,False,False,False
Mahagaon,Mahagaon,19.8336102,77.7582751,2025,ok,-4.677081874686453,30.19661595019731,-0.0023277369869187,0.6003175816443111,0.7912308174907197,0.0135457504854494,0.4110567600926931,-878.8397397297261,0.7414226593238572,1284.3079919495694,79.53244781783677,302.8648902642624,-0.843265662797614,17.459867172675516,-0.2527447341372231,1.994354838709677,65.36626761171547,-2.761615789011583,0.8417319939752608,106.6039430140652,107.08358633776088,2598.0,3494.56,200841286.59,0.0,0.0,0.0,0.0,0.0,0.0,0.0,0.0,0.0,0.0,0.0,0.0,False,False,False,False,False,False,False,False,False,False,False,False
Mahagaon,Morath,19.7927912,77.7037668,2025,ok,-4.243702756480828,29.338307279646763,-0.0396110103245129,0.5581188337993331,0.7675372145170666,0.0175412499471662,0.3760452377683292,-873.3740344967656,0.7063891180846074,1263.408661464286,80.23088242274648,302.71391763472775,-0.849095278405798,19.00280058859828,-0.2397766079206109,1.6048322020221195,64.02371682736285,-2.58633952975478,1.273150070592143,100.7269247490558,106.91726396734228,2516.0,3296.33,191482595.53,0.0,0.0,0.0,0.0,0.0,0.0,0.0,0.0,0.0,0.0,0.0,0.0,False,False,False,False,False,False,False,False,False,False,False,False
Maregaon,Botoni,20.0028101,78.650651,2025,ok,-4.487730308006063,28.018529720283688,-0.0366138968978982,0.6355149322464326,0.7966316176731946,0.0163238329706738,0.4396425871807169,-883.4369297029585,0.7746132134873315,1558.648103096995,68.95990711340694,303.04886581954014,-0.7586577334876996,14.326524809250744,-0.2532158653934572,3.270745462300365,65.14632822741747,-2.9983592318971186,0.6511688527115248,124.26498879874542,110.08440358276852,1087.0,2197.2,127877136.51,0.0,0.0,0.0,0.0,0.0,0.0,0.0,0.0,0.0,0.0,0.0,0.0,False,False,False,True,True,False,False,False,False,True,False,True
Maregaon,Kumbha,20.1919181,78.7550425,2025,ok,-3.628470209849269,31.390217441532855,-0.0341203003260626,0.577643402884602,0.8218472121642404,0.014709057939997,0.4494913478230784,-891.0491939113771,0.7264656268262392,1413.0190893310214,74.0780591715976,303.5251218813857,-0.7579821142554438,15.7658224852071,-0.2771502049665217,3.197207100591714,60.79567924145867,-3.3187682575782422,0.8987575434859785,103.09129161249244,112.23791715976324,1141.0,2188.26,126742965.77,0.0,0.0,0.0,0.0,0.0,0.0,0.0,0.0,0.0,0.0,0.0,0.0,False,False,False,True,True,True,False,False,False,True,False,True
Maregaon,Mardi,20.1958049,78.843888,2025,ok,-3.877852305289789,30.792267850190264,-0.0353612481067777,0.5814093517291432,0.8189388938848924,0.0137144200289559,0.4494381607417345,-892.2328179690776,0.7313484596861662,1426.5885566674829,73.07344445496732,303.7014302964728,-0.7460772716713375,13.802396060232969,-0.2802686374451424,1.4971114688890992,58.98609738331963,-3.0301304311682293,1.1370456266565696,101.27336327978078,111.54304384884924,1379.0,2539.0,147965719.29,7.0,7.0,0.0,0.0,0.0,0.0,0.004730825513902,0.004730825513902,0.0,0.0,0.0,0.0,False,False,False,True,False,True,False,False,False,True,False,True
Maregaon,Maregaon,20.1517661,78.7944725,2025,ok,-3.7530004163483297,31.00262584528763,-0.0251872120235352,0.5741455388799459,0.8118450845090429,0.0151213232626901,0.4487845219336425,-893.7589998784163,0.7247745441577131,1426.3737927233783,71.15553661077956,303.52522888736445,-0.7576018649338978,15.08098891730605,-0.2737316633497128,2.348915411575257,60.9616675390301,-2.848692921066,0.7993442855790169,103.94556953591233,113.46376811594196,1510.0,2731.92,159612582.43,0.0,0.0,0.0,0.0,0.0,0.0,0.0,0.0,0.0,0.0,0.0,0.0,False,False,False,True,False,True,False,False,False,True,False,True
Maregaon,Wanoja,20.1775282,78.9153957,2025,ok,-3.70479151249496,31.31683302822756,-0.046078702717452,0.5302693274421233,0.7764749346115156,0.0119342207417644,0.4458946435583394,-883.7065773517927,0.683517737364928,1495.8458471556114,71.50951614430448,303.8321367539767,-0.7276971145052757,13.82923018653536,-0.277625996876654,3.4737240791591706,55.311427907537755,-2.454026947761906,1.3918101662820284,104.94556882997232,109.6720481015055,1129.0,2023.02,118475023.12,0.0,0.0,0.0,0.0,0.0,0.0,0.0,0.0,0.0,0.0,0.0,0.0,False,False,False,True,True,False,False,False,False,True,False,True
Ner,Malkhed,20.422971,77.9032695,2025,ok,-4.092726178816789,31.11435638315835,-0.0512798151452134,0.5238023060078301,0.7668357433182889,0.012020817243032,0.4395488219605257,-930.830959233386,0.6999027933455028,1024.261178011929,82.71760813046559,302.751210840873,-0.8101295834026999,20.61082486409832,-0.2365878524777805,1.9089576932167331,48.566904586070365,-3.0317293918399684,1.3071933265590665,60.37718921092865,108.0150791774994,2047.0,3448.54,199615661.45,0.0,0.0,0.0,0.0,0.0,0.0,0.0,0.0,0.0,0.0,0.0,0.0,False,False,False,False,False,False,False,False,False,False,False,False
Ner,Manikwada,20.5357404,77.9273987,2025,ok,-3.519725318923723,30.924952913427784,-0.0443538934937015,0.5566157344216958,0.7673071398210036,0.0124099480955196,0.4348830842388202,-936.5964639328224,0.708139486781996,1045.225932911566,81.91381998582564,302.9248282721966,-0.8013930187333098,22.543538861327654,-0.2313529463156273,0.7029529884242854,51.41352782677934,-2.234029381571818,0.6274942735022553,74.38777829526111,107.547932908103,2032.0,3387.54,192698140.13,0.0,0.0,0.0,0.0,0.0,0.0,0.0,0.0,0.0,0.0,0.0,0.0,False,False,False,False,False,False,False,False,False,False,False,False
Ner,Mozar,20.5070233,77.790842,2025,ok,-4.350607932653783,30.096175271299035,-0.0348558563054125,0.5586186540369443,0.7817642214295834,0.0107477764513672,0.4341586857338192,-929.7587734144888,0.680220417979626,1003.5219262385996,82.65806878306879,302.72518651295854,-0.7832644371585099,22.661470143613,-0.2210819129635164,0.5957577475434618,51.00508616197902,-2.711405779208724,0.5786719894174891,68.74518247495712,106.91992630385488,2575.0,4208.03,238337877.0,0.0,0.0,0.0,0.0,0.0,0.0,0.0,0.0,0.0,0.0,0.0,0.0,False,False,False,False,False,False,False,False,False,False,False,False
Ner,Ner,20.4905965,77.8118533,2025,ok,-4.3801672600101,30.424026633601052,-0.032661314765607,0.5655343823114527,0.7839602421021551,0.0109185006885375,0.4341359501608392,-926.8209199784576,0.6956784192030263,1006.7095244172896,82.2830420406235,302.7377030258507,-0.7839103890532587,22.314832309872465,-0.2218810027121082,0.8402928672649975,49.82831200778794,-2.9282923111420307,0.5198700915264244,67.91427075850802,107.06891828058572,1945.0,3077.65,176558329.61,0.0,0.0,0.0,0.0,0.0,0.0,0.0,0.0,0.0,0.0,0.0,0.0,False,False,False,False,False,False,False,False,False,False,False,False
Ner,Shirajgaon,20.518338,77.7267909,2025,ok,-3.7316960606352834,29.6014834533699,-0.0526370442641706,0.5324060739411214,0.7815105212195645,0.0103723405785977,0.434323688119869,-927.5472918541265,0.6473405001348491,993.2460172155282,82.0764797581369,302.6506600992216,-0.7832680322484363,22.70192262270301,-0.2144045742873228,0.0393499929141669,51.924966340908234,-1.7535408263388834,1.0464067260231915,66.91419426689038,104.5795739052388,3528.0,6079.8,340691609.71,0.0,0.0,0.0,0.0,0.0,0.0,0.0,0.0,0.0,0.0,0.0,0.0,False,False,False,False,False,False,False,False,False,False,False,False
Ner,Watfali,20.4905965,77.8118533,2025,fallback_taluka,-4.3801672600101,30.424026633601052,-0.032661314765607,0.5655343823114527,0.7839602421021551,0.0109185006885375,0.4341359501608392,-926.8209199784576,0.6956784192030263,1006.7095244172896,82.2830420406235,302.7377030258507,-0.7839103890532587,22.314832309872465,-0.2218810027121082,0.8402928672649975,49.82831200778794,-2.9282923111420307,0.5198700915264244,67.91427075850802,107.06891828058572,2023.0,3575.21,204215194.6,0.0,0.0,0.0,0.0,0.0,0.0,0.0,0.0,0.0,0.0,0.0,0.0,False,False,False,False,False,False,False,False,False,False,False,False
Pusad,BeloraBu.,19.8858198,77.484612,2025,fallback_taluka,-4.087800530649542,28.73164090483472,-0.0295639201416881,0.6284660709863369,0.8084729904680605,0.0188601073236473,0.3747849655008921,-882.807352469226,0.7579688569932006,1150.9308684687594,78.77964975558824,302.14055305401513,-0.8565455831264148,17.12405676047648,-0.206831848602145,0.6082767785107491,61.06471159476151,-2.6346599793985286,0.5833214776876746,82.83324687200799,112.84718333254229,3919.0,6445.38,371384467.1,0.0,0.0,0.0,0.0,0.0,0.0,0.0,0.0,0.0,0.0,0.0,0.0,False,False,False,False,False,True,False,False,False,True,False,True
Pusad,BoriKh.,19.8858198,77.484612,2025,fallback_taluka,-4.087800530649542,28.73164090483472,-0.0295639201416881,0.6284660709863369,0.8084729904680605,0.0188601073236473,0.3747849655008921,-882.807352469226,0.7579688569932006,1150.9308684687594,78.77964975558824,302.14055305401513,-0.8565455831264148,17.12405676047648,-0.206831848602145,0.6082767785107491,61.06471159476151,-2.6346599793985286,0.5833214776876746,82.83324687200799,112.84718333254229,2545.0,3843.28,216164672.46,0.0,0.0,0.0,0.0,0.0,0.0,0.0,0.0,0.0,0.0,0.0,0.0,False,False,False,False,False,True,False,False,False,True,False,True
Pusad,Bramhangaon,19.8858198,77.484612,2025,fallback_taluka,-4.087800530649542,28.73164090483472,-0.0295639201416881,0.6284660709863369,0.8084729904680605,0.0188601073236473,0.3747849655008921,-882.807352469226,0.7579688569932006,1150.9308684687594,78.77964975558824,302.14055305401513,-0.8565455831264148,17.12405676047648,-0.206831848602145,0.6082767785107491,61.06471159476151,-2.6346599793985286,0.5833214776876746,82.83324687200799,112.84718333254229,3605.0,5896.5,337817178.09,0.0,0.0,0.0,0.0,0.0,0.0,0.0,0.0,0.0,0.0,0.0,0.0,False,False,False,False,False,True,False,False,False,True,False,True
Pusad,GoulKhurd,19.8858198,77.484612,2025,fallback_taluka,-4.087800530649542,28.73164090483472,-0.0295639201416881,0.6284660709863369,0.8084729904680605,0.0188601073236473,0.3747849655008921,-882.807352469226,0.7579688569932006,1150.9308684687594,78.77964975558824,302.14055305401513,-0.8565455831264148,17.12405676047648,-0.206831848602145,0.6082767785107491,61.06471159476151,-2.6346599793985286,0.5833214776876746,82.83324687200799,112.84718333254229,3299.0,4912.43,282946852.49,0.0,0.0,0.0,0.0,0.0,0.0,0.0,0.0,0.0,0.0,0.0,0.0,False,False,False,False,False,True,False,False,False,True,False,True
Pusad,JambBazar,19.8858198,77.484612,2025,fallback_taluka,-4.087800530649542,28.73164090483472,-0.0295639201416881,0.6284660709863369,0.8084729904680605,0.0188601073236473,0.3747849655008921,-882.807352469226,0.7579688569932006,1150.9308684687594,78.77964975558824,302.14055305401513,-0.8565455831264148,17.12405676047648,-0.206831848602145,0.6082767785107491,61.06471159476151,-2.6346599793985286,0.5833214776876746,82.83324687200799,112.84718333254229,3062.0,4363.3,251270048.85,0.0,0.0,0.0,0.0,0.0,0.0,0.0,0.0,0.0,0.0,0.0,0.0,False,False,False,False,False,True,False,False,False,True,False,True
Pusad,Khandala,20.1518063,77.9301238,2025,ok,-3.218688497324464,30.727147794671055,-0.056835398492829,0.5304746941271625,0.788698404450494,0.0092294525640857,0.425041934578578,-903.4669897568382,0.6714118153295935,1221.890984186894,84.5343153507318,303.11632879302334,-0.7917628826849933,19.517785250793352,-0.2528618173359241,0.6962534931085116,54.40673147199315,-1.6566630209467124,1.6936379238918156,88.87242567495358,104.35722066972956,2690.0,4586.23,262780672.25,0.0,0.0,0.0,0.0,0.0,0.0,0.0,0.0,0.0,0.0,0.0,0.0,False,True,False,False,False,False,False,False,True,False,False,True
Pusad,Pusad,19.8858198,77.484612,2025,ok,-4.087800530649542,28.73164090483472,-0.0295639201416881,0.6284660709863369,0.8084729904680605,0.0188601073236473,0.3747849655008921,-882.807352469226,0.7579688569932006,1150.9308684687594,78.77964975558824,302.14055305401513,-0.8565455831264148,17.12405676047648,-0.206831848602145,0.6082767785107491,61.06471159476151,-2.6346599793985286,0.5833214776876746,82.83324687200799,112.84718333254229,1472.0,1975.39,114211939.28,0.0,0.0,0.0,0.0,0.0,0.0,0.0,0.0,0.0,0.0,0.0,0.0,False,False,False,False,False,True,False,False,False,True,False,True
Pusad,Shembalpimpri,19.8858198,77.484612,2025,fallback_taluka,-4.087800530649542,28.73164090483472,-0.0295639201416881,0.6284660709863369,0.8084729904680605,0.0188601073236473,0.3747849655008921,-882.807352469226,0.7579688569932006,1150.9308684687594,78.77964975558824,302.14055305401513,-0.8565455831264148,17.12405676047648,-0.206831848602145,0.6082767785107491,61.06471159476151,-2.6346599793985286,0.5833214776876746,82.83324687200799,112.84718333254229,2383.0,3399.63,191157208.04,0.0,0.0,0.0,0.0,0.0,0.0,0.0,0.0,0.0,0.0,0.0,0.0,False,False,False,False,False,True,False,False,False,True,False,True
Pusad,Warud,20.3821244,77.623086,2025,ok,-5.1394626428225045,29.58185797634256,-0.0345863575366766,0.562282918214418,0.7763790182106095,0.00934191069453,0.4321184804878552,-890.4828400144022,0.7059766357734006,1032.8754203940653,83.37674440607405,302.53898694185233,-0.7853976898184425,22.698282794834185,-0.2148691807453774,0.136241071006197,57.13333645531083,-3.3188830930447173,0.813970527410454,59.26005331741803,106.78759638582714,2295.0,3177.28,184015169.3,0.0,0.0,0.0,0.0,0.0,0.0,0.0,0.0,0.0,0.0,0.0,0.0,False,False,False,False,False,False,False,False,False,False,False,False
Ralegaon,Dhanora,20.2208904,78.2582144,2025,ok,-3.754539190433331,30.008992848845462,-0.0239223642333175,0.6003650603407474,0.7956620243729294,0.0138080634654821,0.4129821349813142,-912.8493746217572,0.7526603321839516,1336.929238843181,83.4424514907714,303.09428922410603,-0.801214487806129,19.362991008045434,-0.2598393934421979,3.286890676762898,54.66133946800545,-2.5309382499066326,0.3280761949834359,97.4184394314627,111.1390440132513,581.0,948.48,55144305.56,0.0,0.0,0.0,0.0,0.0,0.0,0.0,0.0,0.0,0.0,0.0,0.0,False,False,False,True,True,True,False,False,False,True,False,True
Ralegaon,KinhiJ.,20.3277662,78.6036857,2025,fallback_taluka,-3.5662391897821304,31.205693044617753,0.0243079101461155,0.6142922839761604,0.8385321861366946,0.0109851243686733,0.4395034548608296,-911.4692398814188,0.7397352378466443,1272.6639742757686,86.05203652017596,303.5362368044034,-0.7388601120807049,20.25937840011353,-0.2611019802946353,2.700790008988126,56.42713117697133,-3.218699713251409,0.0905737559556884,110.03737406871667,108.26377785136478,877.0,1661.0,94597280.35,0.0,0.0,0.0,0.0,0.0,0.0,0.0,0.0,0.0,0.0,0.0,0.0,False,True,False,False,False,False,False,False,True,False,False,True
Ralegaon,Ralegaon,20.3277662,78.6036857,2025,ok,-3.5662391897821304,31.205693044617753,0.0243079101461155,0.6142922839761604,0.8385321861366946,0.0109851243686733,0.4395034548608296,-911.4692398814188,0.7397352378466443,1272.6639742757686,86.05203652017596,303.5362368044034,-0.7388601120807049,20.25937840011353,-0.2611019802946353,2.700790008988126,56.42713117697133,-3.218699713251409,0.0905737559556884,110.03737406871667,108.26377785136478,744.0,1274.6,73914144.21,0.0,0.0,0.0,0.0,0.0,0.0,0.0,0.0,0.0,0.0,0.0,0.0,False,True,False,False,False,False,False,False,True,False,False,True
Ralegaon,Wadaki,20.3277662,78.6036857,2025,fallback_taluka,-3.5662391897821304,31.205693044617753,0.0243079101461155,0.6142922839761604,0.8385321861366946,0.0109851243686733,0.4395034548608296,-911.4692398814188,0.7397352378466443,1272.6639742757686,86.05203652017596,303.5362368044034,-0.7388601120807049,20.25937840011353,-0.2611019802946353,2.700790008988126,56.42713117697133,-3.218699713251409,0.0905737559556884,110.03737406871667,108.26377785136478,647.0,1165.18,67524944.91,0.0,0.0,0.0,0.0,0.0,0.0,0.0,0.0,0.0,0.0,0.0,0.0,False,True,False,False,False,False,False,False,True,False,False,True
Ralegaon,Wadhona,20.0099074,78.362968,2025,ok,-3.768162038135521,29.849711413045963,-0.0518365223285738,0.5686202439242694,0.7823319287812728,0.0128874494678148,0.4396216382833777,-905.4960624529914,0.7317588798439777,1421.4013972755267,75.01189460714623,303.2052721516286,-0.7835479872430101,18.074969197232488,-0.2729227051027286,4.339730831200835,68.44874732523155,-2.980902196031245,0.3455506065200908,109.60517706050884,110.72680314662117,821.0,1384.68,80274747.5,0.0,0.0,0.0,0.0,0.0,0.0,0.0,0.0,0.0,0.0,0.0,0.0,False,False,False,True,True,False,False,False,False,True,False,True
Ralegaon,Warad,20.3277662,78.6036857,2025,fallback_taluka,-3.5662391897821304,31.205693044617753,0.0243079101461155,0.6142922839761604,0.8385321861366946,0.0109851243686733,0.4395034548608296,-911.4692398814188,0.7397352378466443,1272.6639742757686,86.05203652017596,303.5362368044034,-0.7388601120807049,20.25937840011353,-0.2611019802946353,2.700790008988126,56.42713117697133,-3.218699713251409,0.0905737559556884,110.03737406871667,108.26377785136478,741.0,1306.76,74357406.42,0.0,0.0,0.0,0.0,0.0,0.0,0.0,0.0,0.0,0.0,0.0,0.0,False,True,False,False,False,False,False,False,True,False,False,True
Ralegaon,Zadgaon,20.3647045,78.5494566,2025,ok,-3.117623673030942,31.439462106168087,0.0102485493714073,0.6032370741585609,0.8267536693181423,0.0105816300959606,0.4378823097045551,-913.6473320857529,0.7060268592984817,1250.9732786979096,85.07754137115839,303.4666245593244,-0.7562932935989632,20.933096926713944,-0.2584041843091368,2.2160283687943263,60.11565138754727,-2.5804450359849382,0.194960227877126,113.30316618255785,108.2607092198581,624.0,1010.93,58583180.09,0.0,0.0,0.0,0.0,0.0,0.0,0.0,0.0,0.0,0.0,0.0,0.0,False,True,False,False,False,False,False,False,True,False,False,True
Umarkhed,Bitargaon,19.5434015,77.9196095,2025,ok,-4.667224757764395,29.53913544935807,-0.0357385128793099,0.5841554645977396,0.7707985243447469,0.0189652067543163,0.390241384231749,-904.1158298345728,0.7526009116781418,1317.3609857348238,68.02886352829286,302.23864389287274,-0.8822937856023552,16.44417498811221,-0.2266195329675497,2.2808844507845927,63.68856845585261,-2.8418486650912156,0.6589715562103464,129.31249308996007,106.9749881122206,2617.0,3408.95,198155659.23,0.0,0.0,0.0,0.0,0.0,0.0,0.0,0.0,0.0,0.0,0.0,0.0,False,False,False,True,False,False,False,False,False,True,False,True
Umarkhed,Chatari,20.022095,78.0492353,2025,ok,-4.191276683887794,30.418289900302863,-0.0464163553557585,0.5845515727765342,0.784967853208401,0.0102152783205655,0.4257261451270621,-905.2898095957628,0.748074400311597,1329.486308316801,76.62373234764476,303.0825247492686,-0.793748920652694,17.998294000568666,-0.2606953725508382,1.6119799071178085,55.417879679354066,-2.934953326505039,0.9666899631599524,102.60267088518223,106.77532935266797,3963.0,4717.13,272824431.84,4.0,4.0,0.0,0.0,0.0,0.0,0.0014661443526237,0.0014661443526237,0.0,0.0,0.0,0.0,False,False,False,True,False,False,False,False,False,True,False,True
Umarkhed,Darathi,19.5982171,77.9140993,2025,fallback_taluka,-4.653005127031502,28.480520049112823,-0.0478592791173404,0.6079279543624871,0.8101487136239447,0.0210139386362091,0.3893847405514875,-894.345824408564,0.7567993945571807,1379.4101234782645,69.5448669201521,302.2297687642116,-0.8800443959396111,18.48441064638783,-0.2218326397499106,2.7817965779467673,64.78389151736444,-2.8846180354063446,0.8136595795225089,126.41081942655109,109.29643536121668,1464.0,1821.25,106201214.38,0.0,0.0,0.0,0.0,0.0,0.0,0.0,0.0,0.0,0.0,0.0,0.0,False,False,False,True,False,False,False,False,False,True,False,True
Umarkhed,Dhanki,19.566954,77.8423365,2025,ok,-5.21186291374523,29.86907068144618,-0.0171541123042789,0.5789744844234848,0.7617600073649071,0.0176119889662065,0.407704682270655,-894.0527415186358,0.7498625405038277,1322.9396736250324,68.13179289687632,302.1943670164286,-0.8850611457095826,17.255740978462416,-0.2216539956889009,3.0,67.2212382023368,-3.4750596650976804,0.6596581257498547,124.52347689352068,106.6260162601626,2352.0,3205.56,185632536.68,1.0,1.0,0.0,0.0,0.0,0.0,0.0005386986666695,0.0005386986666695,0.0,0.0,0.0,0.0,False,False,False,True,False,False,False,False,False,True,False,True
Umarkhed,Kupti,19.6557633,77.638042,2025,ok,-4.727842431225467,29.03190292674763,-0.0018909025881334,0.5912151356599877,0.7856568355061616,0.0157631324491244,0.4038112043168461,-872.2675254975583,0.7137202145137077,1317.4231599615596,78.5254229233986,302.2289092960173,-0.8584910319709264,19.708943166698347,-0.2122793817785011,2.198298802509028,62.88220226834781,-2.5830679188117935,0.8075562204649613,117.04775526499982,104.12782740923782,3314.0,4145.91,240260592.17,6.0,6.0,0.0,0.0,0.0,0.0,0.0024972884424402,0.0024972884424402,0.0,0.0,0.0,0.0,False,False,False,True,False,False,False,False,False,True,False,True
Umarkhed,Mulava,19.5982171,77.9140993,2025,fallback_taluka,-4.653005127031502,28.480520049112823,-0.0478592791173404,0.6079279543624871,0.8101487136239447,0.0210139386362091,0.3893847405514875,-894.345824408564,0.7567993945571807,1379.4101234782645,69.5448669201521,302.2297687642116,-0.8800443959396111,18.48441064638783,-0.2218326397499106,2.7817965779467673,64.78389151736444,-2.8846180354063446,0.8136595795225089,126.41081942655109,109.29643536121668,3227.0,4123.89,238876450.99,11.0,11.0,0.0,0.0,0.0,0.0,0.0046048909193064,0.0046048909193064,0.0,0.0,0.0,0.0,False,False,False,True,False,False,False,False,False,True,False,True
Umarkhed,Ningnur,19.672191,77.8497648,2025,ok,-5.114586341501038,29.08160327506488,-0.0314257254422318,0.5583087975332391,0.7784654697018272,0.0193276493421516,0.3659639652026624,-876.3388354669937,0.730667685501875,1374.30461948577,73.70389548693585,302.4636925149351,-0.8749965593193267,20.27187648456056,-0.2347538164240995,2.8695011876484564,66.41895521633697,-3.739097594107794,1.0632562668471617,112.86234848819986,105.43102137767217,2298.0,3102.71,181073961.59,10.0,10.0,0.0,0.0,0.0,0.0,0.0055226051897194,0.0055226051897194,0.0,0.0,0.0,0.0,False,False,False,True,False,False,False,False,False,True,False,True
Umarkhed,Umerkhed,19.5982171,77.9140993,2025,fallback_taluka,-4.653005127031502,28.480520049112823,-0.0478592791173404,0.6079279543624871,0.8101487136239447,0.0210139386362091,0.3893847405514875,-894.345824408564,0.7567993945571807,1379.4101234782645,69.5448669201521,302.2297687642116,-0.8800443959396111,18.48441064638783,-0.2218326397499106,2.7817965779467673,64.78389151736444,-2.8846180354063446,0.8136595795225089,126.41081942655109,109.29643536121668,1790.0,2128.69,123250060.19,1.0,1.0,0.0,0.0,0.0,0.0,0.0008113586301365,0.0008113586301365,0.0,0.0,0.0,0.0,False,False,False,True,False,False,False,False,False,True,False,True
Umarkhed,Vidhul,19.5982171,77.9140993,2025,fallback_taluka,-4.653005127031502,28.480520049112823,-0.0478592791173404,0.6079279543624871,0.8101487136239447,0.0210139386362091,0.3893847405514875,-894.345824408564,0.7567993945571807,1379.4101234782645,69.5448669201521,302.2297687642116,-0.8800443959396111,18.48441064638783,-0.2218326397499106,2.7817965779467673,64.78389151736444,-2.8846180354063446,0.8136595795225089,126.41081942655109,109.29643536121668,3041.0,3783.61,219392269.32,4.0,4.0,0.0,0.0,0.0,0.0,0.00182321829862,0.00182321829862,0.0,0.0,0.0,0.0,False,False,False,True,False,False,False,False,False,True,False,True
Wani,Bhalar,20.0319634,79.0135002,2025,ok,-4.155481807990651,30.21740102537367,-0.0528980249216878,0.496508909552765,0.7020760518834396,0.0155554184652553,0.4506679732716191,-884.2031683050624,0.7104724154381431,1602.5823982218435,73.00767845293392,303.6613625475186,-0.7281791977705662,14.143710304294252,-0.2598630206865963,3.1931462697886053,51.89950804141788,-2.7372488918858444,1.2243070362473345,133.67621182909747,110.53763389894776,802.0,1218.91,71943200.74,0.0,0.0,0.0,0.0,0.0,0.0,0.0,0.0,0.0,0.0,0.0,0.0,False,False,False,True,True,False,False,False,False,True,False,True
Wani,Ganeshpur,20.0294706,78.5393657,2025,ok,-3.892529339717904,31.222699503963568,-0.0184002907386129,0.5827214826747954,0.7859359922294215,0.0143251966516665,0.4337050716294953,-895.7172518550097,0.730997013053844,1456.248622196964,70.0075861741975,303.15203473285317,-0.7708282802381236,13.989853492010807,-0.2688753202611316,4.3208951685553085,64.89544788098274,-3.086046889482537,0.9440305137347345,112.6899125079334,108.25830923142571,578.0,1068.34,62616769.05,0.0,0.0,0.0,0.0,0.0,0.0,0.0,0.0,0.0,0.0,0.0,0.0,False,False,False,True,True,False,False,False,False,True,False,True
Wani,Kayar,19.9082,78.9038,2025,ok,-4.295673694857465,30.73334045122537,-0.0345644669943783,0.6003551427547805,0.8003267520982504,0.0165813510329821,0.4452378952249061,-897.3865376997102,0.7439145784761987,1560.6471877776892,72.27219243725389,303.5365527435955,-0.7565140626502297,15.62893201119704,-0.2632647431893664,2.27935664468378,65.71744916180987,-3.2021758365686326,0.6865901654891172,130.73621239547276,111.0053138492196,1143.0,1989.02,117470886.06,0.0,0.0,0.0,0.0,0.0,0.0,0.0,0.0,0.0,0.0,0.0,0.0,False,False,False,True,False,False,False,False,False,True,False,True
Wani,Punwat,19.9544512,79.0523493,2025,ok,-4.018376261047834,30.795520789246893,-0.0379329659060681,0.4810074345340145,0.6868601045296169,0.0141706351922868,0.4471312061948975,-886.8397714669195,0.702822307904902,1591.7264126309808,70.31548494190183,303.7064086321831,-0.6958000028019848,13.46971780886886,-0.2589998009397093,3.707991463125444,54.300985396867645,-3.0626618731144513,1.3354428879565765,135.0580611116377,109.8234289779464,920.0,1396.14,82664273.31,0.0,0.0,0.0,0.0,0.0,0.0,0.0,0.0,0.0,0.0,0.0,0.0,False,False,False,True,True,False,False,False,False,True,False,True
Wani,Rajur,20.1052866,78.9070487,2025,ok,-4.429081762848874,30.71483097775226,-0.0216256637278735,0.5535425079192182,0.7672550044989588,0.0147861185188241,0.4425157561045992,-884.7108883927166,0.7399972265766697,1527.0560396795677,68.79782145394273,303.69092220421567,-0.7537550881579425,13.520151551030075,-0.2673835629228916,2.796684821217145,54.6408434747494,-2.9704220038184026,0.7835764349308582,114.77632833870275,112.99005446365148,938.0,1621.51,95531878.02,0.0,0.0,0.0,0.0,0.0,0.0,0.0,0.0,0.0,0.0,0.0,0.0,False,False,False,True,False,True,False,False,False,True,False,True
Wani,Rasa,19.9774023,78.8488126,2025,ok,-4.453392664498887,30.119070305480708,-0.0177787888063425,0.6070010819236596,0.816313371328365,0.0176677311882935,0.4519224318904949,-898.9066145215526,0.7438075213847051,1535.9574453485272,71.05304826016878,303.24513014664007,-0.7659506884765693,14.78690622925951,-0.2503500893122935,2.4232009102114342,65.03481572387118,-3.4599356916288166,0.8542009787077741,126.48230991774544,113.46686261496158,886.0,1535.63,90051393.8,0.0,0.0,0.0,0.0,0.0,0.0,0.0,0.0,0.0,0.0,0.0,0.0,False,False,False,True,False,True,False,False,False,True,False,True
Wani,Shindola,19.8728245,79.0340137,2025,ok,-4.659820196692055,30.01306914002661,0.0032812201525816,0.5984325976953343,0.7592392691573492,0.0126937464645744,0.4463761804528069,-909.396840945764,0.7655386039491541,1563.034809617705,72.35745790846572,303.6996283439908,-0.7123564365667996,15.77486364714252,-0.2677381866788593,3.5494901588807215,58.1167219943346,-3.0063671454205623,0.3306339739865545,134.41007321449516,108.36134692909648,696.0,1125.22,66691229.41,0.0,0.0,0.0,0.0,0.0,0.0,0.0,0.0,0.0,0.0,0.0,0.0,False,False,False,True,True,False,False,False,False,True,False,True
Wani,Shirpur,20.120056,77.9114342,2025,ok,-3.5923896566359,30.7571396284844,-0.0545000303928378,0.5354199015537766,0.7779483271771551,0.0090060810802007,0.4238133598059697,-905.5742183756216,0.6931746671051261,1237.7697104314498,83.80007578269311,303.08863296724485,-0.7810115639508434,20.17808932884952,-0.2491649949180024,0.9311798418036282,58.060219307838146,-2.3464838332188234,1.3665530141592075,88.65578621901788,104.71718846208496,1334.0,2454.04,145020721.22,0.0,0.0,0.0,0.0,0.0,0.0,0.0,0.0,0.0,0.0,0.0,0.0,False,False,False,False,False,False,False,False,False,False,False,False
Wani,Wani,20.0574,78.9565,2025,ok,-4.33335759653827,30.93682439089513,-0.0253259553473792,0.5396543079455686,0.7164881532977255,0.0151946673424456,0.4473492824841566,-883.782592370706,0.747562103694286,1583.2872035348937,71.3444681355129,303.65772963591263,-0.7403226096648242,13.695095948827287,-0.2644318638064541,3.38019426676143,53.91233541649254,-3.0823206376385093,0.6782216326965668,126.75403147546128,112.01056621653632,484.0,826.39,48684555.95,0.0,0.0,0.0,0.0,0.0,0.0,0.0,0.0,0.0,0.0,0.0,0.0,False,False,False,True,True,True,False,False,False,True,False,True
Yavatmal,AkolaBajar,20.390344,78.1328518,2025,fallback_taluka,-3.0795254791257256,31.32017890216619,-0.0051048343477318,0.5381915247493549,0.6641187697216807,0.0172377873764779,0.3849792215424109,-917.9925120715308,0.7275737532442988,1203.2421942515637,87.41068305365167,302.54886693944667,-0.8005971164692784,21.71935712597496,-0.2195237572970353,0.8134719924367764,44.04839768650453,-2.6389477873855527,0.4879158541629735,90.43288883593756,111.05696052942572,923.0,1447.29,84214933.04,0.0,0.0,0.0,0.0,0.0,0.0,0.0,0.0,0.0,0.0,0.0,0.0,False,True,False,False,False,False,False,False,True,False,False,True
Yavatmal,Arjuna,20.3231288,78.0691954,2025,ok,-3.735741001537136,28.94368396415337,0.0009277879588029,0.6228751255878724,0.7909631745093412,0.01550754637413,0.4095351870451965,-907.0870406135028,0.7757622839614537,1205.451738036111,83.8572036704191,302.73453850401916,-0.7950898184367486,19.75409138208306,-0.228060289725616,1.0748746570806929,44.79448903290139,-2.238802562149547,0.5167297233388511,85.38731530307693,109.47067448680352,519.0,873.12,50690940.11,0.0,0.0,0.0,0.0,0.0,0.0,0.0,0.0,0.0,0.0,0.0,0.0,False,False,False,False,False,False,False,False,False,False,False,False
Yavatmal,Hivri,20.390344,78.1328518,2025,fallback_taluka,-3.0795254791257256,31.32017890216619,-0.0051048343477318,0.5381915247493549,0.6641187697216807,0.0172377873764779,0.3849792215424109,-917.9925120715308,0.7275737532442988,1203.2421942515637,87.41068305365167,302.54886693944667,-0.8005971164692784,21.71935712597496,-0.2195237572970353,0.8134719924367764,44.04839768650453,-2.6389477873855527,0.4879158541629735,90.43288883593756,111.05696052942572,646.0,967.96,55715972.04,0.0,0.0,0.0,0.0,0.0,0.0,0.0,0.0,0.0,0.0,0.0,0.0,False,True,False,False,False,False,False,False,True,False,False,True
Yavatmal,Kapra(Methad),20.390344,78.1328518,2025,fallback_taluka,-3.0795254791257256,31.32017890216619,-0.0051048343477318,0.5381915247493549,0.6641187697216807,0.0172377873764779,0.3849792215424109,-917.9925120715308,0.7275737532442988,1203.2421942515637,87.41068305365167,302.54886693944667,-0.8005971164692784,21.71935712597496,-0.2195237572970353,0.8134719924367764,44.04839768650453,-2.6389477873855527,0.4879158541629735,90.43288883593756,111.05696052942572,736.0,1289.74,73785647.02,0.0,0.0,0.0,0.0,0.0,0.0,0.0,0.0,0.0,0.0,0.0,0.0,False,True,False,False,False,False,False,False,True,False,False,True
Yavatmal,Kolambi,20.2557077,78.1644693,2025,ok,-3.316986968544607,29.89063903268046,0.0126833796268916,0.6387530043829391,0.7959412845230347,0.0157545998312705,0.3896334547403203,-909.3837014213932,0.7581506804341864,1293.3796618358317,83.55750579552446,302.91871921535306,-0.796302604663355,19.088328523442303,-0.2437025041407527,1.8322846193878033,51.82799850920729,-2.180405691919739,0.2896445679815483,95.4386665767534,110.27728627525192,631.0,1015.51,58837143.3,0.0,0.0,0.0,0.0,0.0,0.0,0.0,0.0,0.0,0.0,0.0,0.0,False,False,False,True,False,False,False,False,False,True,False,True
Yavatmal,Lohara,20.3903836,78.09111,2025,ok,-3.2728766699415055,30.325695520455135,-0.0193312070455195,0.5533483575861192,0.7009446264388184,0.0184517310497255,0.3774663781929095,-916.821323898056,0.7458789233063905,1197.2612948155152,86.21901881085167,302.5206064011526,-0.8050708979431468,20.656016636733145,-0.2184806240751625,0.7859438510256169,43.767173785628614,-2.7909900352584645,0.523482001465409,88.37472163832203,111.97561206163157,84.0,158.84,9117266.9,0.0,0.0,0.0,0.0,0.0,0.0,0.0,0.0,0.0,0.0,0.0,0.0,False,True,False,False,False,True,False,False,True,True,False,True
Yavatmal,Moha,20.431961,78.1467047,2025,ok,-2.9873921285279375,30.24163552319836,-0.0108581866370517,0.6185881142537594,0.7508814252971343,0.0159091947321755,0.3964326391925327,-918.1369765577356,0.7496784920736751,1206.2488049013732,89.0012760527435,302.66106164259725,-0.8071454859123639,23.150716007372743,-0.2273085008970775,1.1507632685854718,44.996457145488485,-2.0308021829593805,0.2824248009262541,92.5849544975278,110.29694219953684,109.0,236.84,13496443.36,0.0,0.0,0.0,0.0,0.0,0.0,0.0,0.0,0.0,0.0,0.0,0.0,False,True,False,False,False,False,False,False,True,False,False,True
Yavatmal,Savargad,20.390344,78.1328518,2025,fallback_taluka,-3.0795254791257256,31.32017890216619,-0.0051048343477318,0.5381915247493549,0.6641187697216807,0.0172377873764779,0.3849792215424109,-917.9925120715308,0.7275737532442988,1203.2421942515637,87.41068305365167,302.54886693944667,-0.8005971164692784,21.71935712597496,-0.2195237572970353,0.8134719924367764,44.04839768650453,-2.6389477873855527,0.4879158541629735,90.43288883593756,111.05696052942572,458.0,869.5,50229657.01,0.0,0.0,0.0,0.0,0.0,0.0,0.0,0.0,0.0,0.0,0.0,0.0,False,True,False,False,False,False,False,False,True,False,False,True
Yavatmal,Yavatmal,20.390344,78.1328518,2025,ok,-3.0795254791257256,31.32017890216619,-0.0051048343477318,0.5381915247493549,0.6641187697216807,0.0172377873764779,0.3849792215424109,-917.9925120715308,0.7275737532442988,1203.2421942515637,87.41068305365167,302.54886693944667,-0.8005971164692784,21.71935712597496,-0.2195237572970353,0.8134719924367764,44.04839768650453,-2.6389477873855527,0.4879158541629735,90.43288883593756,111.05696052942572,64.0,120.22,6885351.92,0.0,0.0,0.0,0.0,0.0,0.0,0.0,0.0,0.0,0.0,0.0,0.0,False,True,False,False,False,False,False,False,True,False,False,True
Yavatmal,Yelabara,20.2378443,78.3127059,2025,ok,-3.6876011843927423,28.586695222194972,-0.0075966235060022,0.6061494928227646,0.7787842019351329,0.0130374185154284,0.4253012372421673,-913.8030888816882,0.753483573673971,1343.7589919557076,83.37336172226166,303.0400642116731,-0.7965921519217143,18.92566832268749,-0.2554329723979143,2.7745445942749,54.64056685629052,-1.958556667248176,0.204549218140096,105.20728948799452,111.26784953867995,860.0,1532.86,89446059.72,0.0,0.0,0.0,0.0,0.0,0.0,0.0,0.0,0.0,0.0,0.0,0.0,False,False,False,True,False,True,False,False,False,True,False,True
Zari-Jamani,Khadakdhoa,19.8840542,78.7034196,2025,fallback_taluka,-4.238519656743424,29.468120045940903,-0.0195932723404535,0.6312773609711437,0.7913888126148557,0.0177339120618837,0.4081396205970783,-895.107327041056,0.7790447420484301,1536.3756684932162,71.3121946592041,303.2414634121121,-0.7840059603179267,16.1211402551819,-0.2624055737119064,1.9490110515581271,71.72854301852738,-3.545912324562296,0.2091647400557233,123.64245128975372,110.07589052791351,969.0,1780.41,104304129.53,0.0,0.0,0.0,0.0,0.0,0.0,0.0,0.0,0.0,0.0,0.0,0.0,False,False,False,True,False,False,False,False,False,True,False,True
Zari-Jamani,Matharjun,19.8945567,78.6676883,2025,ok,-4.042820673675032,29.883111967300657,-0.0297942709012652,0.6232938599507537,0.7946218931192722,0.0170456040115934,0.4126284608688915,-897.6876416039944,0.7758995408200643,1521.3171964490762,70.14621186963325,303.20007057607296,-0.7873171261220064,15.709900849186392,-0.2623468134282723,2.080696427724275,68.93284058199671,-3.2124509446891603,0.3110497172059715,123.23187821262611,109.53437070069732,1719.0,3043.68,176768099.02,0.0,0.0,0.0,0.0,0.0,0.0,0.0,0.0,0.0,0.0,0.0,0.0,False,False,False,True,False,False,False,False,False,True,False,True
Zari-Jamani,Mukutban,19.8085935,78.8536126,2025,ok,-4.487826723377752,29.747029740626783,0.0113861901419404,0.6249020272122833,0.756884461158829,0.0170539827522837,0.4156978362906356,-915.6249632690656,0.7720355895098704,1495.9265331185966,69.78456866280726,303.5696732205515,-0.7798219747718476,15.646151656069096,-0.278878320045635,1.0163708835531935,64.70957864072719,-2.559120983205245,0.02261187301286,128.5416459038117,111.02628831735788,1929.0,3247.77,190541614.07,0.0,0.0,0.0,0.0,0.0,0.0,0.0,0.0,0.0,0.0,0.0,0.0,False,False,False,True,False,False,False,False,False,True,False,True
Zari-Jamani,Shibla,19.8840542,78.7034196,2025,fallback_taluka,-4.238519656743424,29.468120045940903,-0.0195932723404535,0.6312773609711437,0.7913888126148557,0.0177339120618837,0.4081396205970783,-895.107327041056,0.7790447420484301,1536.3756684932162,71.3121946592041,303.2414634121121,-0.7840059603179267,16.1211402551819,-0.2624055737119064,1.9490110515581271,71.72854301852738,-3.545912324562296,0.2091647400557233,123.64245128975372,110.07589052791351,585.0,1074.38,62276391.94,0.0,0.0,0.0,0.0,0.0,0.0,0.0,0.0,0.0,0.0,0.0,0.0,False,False,False,True,False,False,False,False,False,True,False,True
Zari-Jamani,Zari,19.8610391,78.7277188,2025,fallback_taluka_state,-4.361317722545474,29.770462130475323,-0.0139157449153569,0.6194728142227706,0.7864003604971064,0.0191384192633466,0.3947966202073452,-899.9744445851462,0.7786163569161287,1503.111799494472,71.90806398025535,303.39144045254943,-0.783254081778474,16.737291755659975,-0.2679299462216264,1.6744031515496696,68.0234280971459,-3.8334478496298567,0.2241604212124087,123.15658933256675,110.40490768427549,1622.0,2811.84,163784042.88,0.0,0.0,0.0,0.0,0.0,0.0,0.0,0.0,0.0,0.0,0.0,0.0,False,False,False,True,False,False,False,False,False,True,False,True
